Species,Times (hrs),T7RNAP (nM),DNA (nM),ATP (mM),UTP (mM),CTP (mM),GTP (mM),Cap (mM),Mg (mM),PPiase (U/uL),Buffer (mM),DTT (mM),Spermidine (mM),NA,NU,NC,NG,Na4PPi (mM),RNA yield (uM),RNA St Dev (uM)
capping fraction,6,240,5.380266474,10,10,10,10,10,30,0.002,40,1,1,306,1330,1116,1073,1.00E-09,1,0
capping fraction,6,240,5.380266474,10,10,10,10,5,30,0.002,40,1,1,306,1330,1116,1073,1.00E-09,1,0
capping fraction,6,240,5.380266474,10,10,10,10,1,30,0.002,40,1,1,306,1330,1116,1073,1.00E-09,1,0
capping fraction,6,240,5.380266474,5,10,10,10,5,30,0.002,40,1,1,306,1330,1116,1073,1.00E-09,1,0
capping fraction,6,240,5.380266474,10,5,10,10,5,30,0.002,40,1,1,306,1330,1116,1073,1.00E-09,1,0
capping fraction,6,240,5.380266474,10,10,5,10,5,30,0.002,40,1,1,306,1330,1116,1073,1.00E-09,1,0
capping fraction,6,240,5.380266474,10,10,10,5,5,30,0.002,40,1,1,306,1330,1116,1073,1.00E-09,1,0
capping fraction,6,240,5.380266474,5,10,10,5,5,30,0.002,40,1,1,306,1330,1116,1073,1.00E-09,1,0
