Species,Times (hrs),T7RNAP (nM),DNA (nM),ATP (mM),UTP (mM),CTP (mM),GTP (mM),Cap (mM),Mg (mM),PPiase (U/uL),Buffer (mM),DTT (mM),Spermidine (mM),NA,NU,NC,NG,Sodium Pyrophosphate Tetrabasic (mM),output yield,outputstd
Mg,200,0,1.00E-09,1.00E-09,1.00E-09,1.00E-09,1.00E-09,0,4.37130134,0,1.00E-09,0,0,1,1,1,1,1.00E-09,4.750364438,0.198810319
Mg,200,0,1.00E-09,1.00E-09,1.00E-09,1.00E-09,1.00E-09,0,4.37130134,0,1.00E-09,0,0,1,1,1,1,0.25,4.411002424,0.302873516
Mg,200,0,1.00E-09,1.00E-09,1.00E-09,1.00E-09,1.00E-09,0,4.37130134,0,1.00E-09,0,0,1,1,1,1,0.5,4.005975477,0.465392027
Mg,200,0,1.00E-09,1.00E-09,1.00E-09,1.00E-09,1.00E-09,0,4.37130134,0,1.00E-09,0,0,1,1,1,1,1,3.054315686,0.692096169
Mg,200,0,1.00E-09,1.00E-09,1.00E-09,1.00E-09,1.00E-09,0,4.37130134,0,1.00E-09,0,0,1,1,1,1,2,1.204642516,0.906966956
Mg,200,0,1.00E-09,1.00E-09,1.00E-09,1.00E-09,1.00E-09,0,4.37130134,0,1.00E-09,0,0,1,1,1,1,4,3.864522986,0.863659093
Mg,200,0,1.00E-09,1.00E-09,1.00E-09,1.00E-09,1.00E-09,0,4.37130134,0,1.00E-09,0,0,1,1,1,1,8,4.350140076,0.177334915
