Species,Times (hrs),T7 RNAP (nM),DNA (nM),ATP (mM),UTP (mM),CTP (mM),GTP (mM),Cap (mM),Mg (mM),PPiase (U/uL),Buffer (mM),DTT (mM),Spermidine (mM),NA,NU,NC,NG,Pyrophosphate (mM),output yield,output std
total RNA,"(1.0, 2.0, 3.0)",240,20,6,6,6,6,0,32,5.00E-02,40,10,2,675,325,500,500,0.000000001,"(9.119460824, 7.779746218, 10.83523567)",1
total RNA,"(1.0, 2.0, 3.0)",240,20,6,6,6,6,0,48,5.00E-02,40,10,2,675,325,500,500,0.000000001,"(8.358710732, 8.013309462, 9.579128553)",1
total RNA,"(1.0, 2.0, 3.0)",240,20,6,6,6,6,0,64,5.00E-02,40,10,2,675,325,500,500,0.000000001,"(7.881204137, 8.158548564, 7.39585139)",1
dsRNA percent,"(1.0, 2.0, 3.0)",240,20,6,6,6,6,0,32,5.00E-02,40,10,2,675,325,500,500,0.000000001,"(0.239661654, 0.330827068, 0.336466165)",0.05
dsRNA percent,"(1.0, 2.0, 3.0)",240,20,6,6,6,6,0,48,5.00E-02,40,10,2,675,325,500,500,0.000000001,"(0.273480663, 0.252302026, 0.394106814)",0.05
dsRNA percent,"(1.0, 2.0, 3.0)",240,20,6,6,6,6,0,64,5.00E-02,40,10,2,675,325,500,500,0.000000001,"(0.25, 0.259259259, 0.369444444)",0.05
